ccl_category,n_flagged,prevalence,majority_agreement,fleiss_kappa
FACTUAL,1867,0.37778227438284095,0.6786288162828067,0.5852265639796185
SOURCE,639,0.12929987859166328,0.24882629107981222,0.24660017160017136
INTERPRETIVE,1382,0.27964386887899634,0.2778581765557164,0.18640643594003034
