method,n_observations,n_summaries,n_models,beta_factual,se,z,p_value,odds_ratio,or_ci_low,or_ci_high,sd_summary,sd_model
"Binomial GLMM (variational Bayes), random intercepts for summary_id and model_name",3249,1824,9,1.639599147678228,0.051810512047368563,31.646071094205727,0.0,5.153103464684216,4.655505715649025,5.7038863100264745,0.3556641232917044,0.7385344648338988
