ccl_category,n_segments,n_errors,error_rate
FACTUAL,1131,272,0.24049513704686118
GAP,1586,267,0.16834804539722573
INTERPRETIVE,1709,248,0.14511410181392628
