treatment,session_id,evaluative_rate,passive_rate,active_rate,n_turns,mean_words_per_turn
aug,1,0.0054408387741263714,0.9414947781600181,0.053064383065855515,14.214592274678111,5.849000608572063
aug,2,0.005306431711723157,0.9627130844991406,0.03198048378913618,21.69406392694064,5.9620706638672845
aug,3,0.0024576049377913337,0.9858316712202484,0.011710723841960364,25.92888888888889,5.294074587189134
aug,4,0.002438342592730614,0.9810881772999327,0.016473480107336676,24.772093023255813,4.9178388355205165
vanilla,1,0.019076706252872055,0.9217918989909638,0.05913139475616416,8.55440414507772,9.120456060112215
vanilla,2,0.031379237849470866,0.9208205704583157,0.04780019169221341,10.528795811518325,9.712834562731292
vanilla,3,0.051278468972456706,0.9398130655068202,0.008908465520722988,10.86910994764398,9.703653936381112
vanilla,4,0.043515906775697284,0.9261425271386929,0.030341566085609697,11.0,9.366251275414955
