metric,time_variable,mean_slope,pct_declining,t_stat,p_value,n_users
passive_rate,conv_order,-0.00033087257486458867,0.08333333333333333,-0.49069758749655895,0.6237952432197572,696
active_rate,conv_order,0.00023213139771762292,0.08620689655172414,0.34589297616941006,0.7295278241774485,696
evaluative_rate,conv_order,9.87411771469658e-05,0.014367816091954023,1.5630293739396552,0.11850088643374969,696
mean_words_per_turn,conv_order,-1.1753928737446597,0.4511494252873563,-0.6597407056617505,0.5096387994965673,696
mean_ttr,conv_order,-0.0004058861929387687,0.41954022988505746,-0.44084654548190366,0.6594611884855689,696
