metric,time_variable,mean_slope,pct_declining,t_stat,p_value,n_users
passive_rate,weeks_since_first,-0.5944467015830014,0.09339080459770115,-1.050747597573284,0.2937397426193703,696
active_rate,weeks_since_first,0.6327906434217369,0.08189655172413793,1.0219609312672737,0.30715498088966753,696
evaluative_rate,weeks_since_first,-0.038343941838735504,0.01293103448275862,-0.5291958254809609,0.5968385889748471,696
mean_words_per_turn,weeks_since_first,-1593.4373328759236,0.4525862068965517,-1.678161482957295,0.09376513993661705,696
mean_ttr,weeks_since_first,-0.27175917001655747,0.40660919540229884,-0.5463592257887291,0.5849943786280569,696
