Metric,GPT Tutor (mean ± sd),GPT Base (mean ± sd),Cohen's d,p-value
Turns per conversation,5.49 ± 3.79,2.45 ± 1.99,0.99,0.0
Mean words per turn,5.75 ± 7.24,10.42 ± 15.49,-0.39,8.680329174424558e-40
Evaluative turn rate,0.01 ± 0.05,0.03 ± 0.12,-0.33,3.946689719548063e-42
Active turn rate,0.03 ± 0.12,0.04 ± 0.17,-0.07,8.743359732476424e-05
Passive turn rate,0.97 ± 0.13,0.93 ± 0.20,0.24,1.9068388869451693e-09
