domain,n_segments,n_errors,error_rate,ccl_category
math,599,125,0.20868113522537562,FACTUAL
wk,532,147,0.27631578947368424,FACTUAL
writing_rec,1586,267,0.16834804539722573,GAP
reasoning,1025,146,0.1424390243902439,INTERPRETIVE
science,684,102,0.14912280701754385,INTERPRETIVE
